dateTime,value,date
,,2021-10-11
23:35:00,2,2021-10-12
23:36:00,2,2021-10-12
23:37:00,2,2021-10-12
23:38:00,2,2021-10-12
23:39:00,2,2021-10-12
23:40:00,2,2021-10-12
23:41:00,2,2021-10-12
23:42:00,2,2021-10-12
23:43:00,2,2021-10-12
23:44:00,2,2021-10-12
23:45:00,2,2021-10-12
23:46:00,2,2021-10-12
23:47:00,2,2021-10-12
23:48:00,2,2021-10-12
23:49:00,2,2021-10-12
23:50:00,2,2021-10-12
23:51:00,2,2021-10-12
23:52:00,2,2021-10-12
23:53:00,2,2021-10-12
23:54:00,2,2021-10-12
23:55:00,1,2021-10-12
23:56:00,1,2021-10-12
23:57:00,1,2021-10-12
23:58:00,1,2021-10-12
23:59:00,1,2021-10-12
00:00:00,1,2021-10-12
00:01:00,2,2021-10-12
00:02:00,3,2021-10-12
00:03:00,2,2021-10-12
00:04:00,2,2021-10-12
00:05:00,2,2021-10-12
00:06:00,2,2021-10-12
00:07:00,2,2021-10-12
00:08:00,2,2021-10-12
00:09:00,2,2021-10-12
00:10:00,3,2021-10-12
00:11:00,2,2021-10-12
00:12:00,2,2021-10-12
00:13:00,2,2021-10-12
00:14:00,2,2021-10-12
00:15:00,3,2021-10-12
00:16:00,1,2021-10-12
00:17:00,1,2021-10-12
00:18:00,1,2021-10-12
00:19:00,1,2021-10-12
00:20:00,1,2021-10-12
00:21:00,1,2021-10-12
00:22:00,3,2021-10-12
00:23:00,2,2021-10-12
00:24:00,1,2021-10-12
00:25:00,1,2021-10-12
00:26:00,1,2021-10-12
00:27:00,1,2021-10-12
00:28:00,1,2021-10-12
00:29:00,1,2021-10-12
00:30:00,1,2021-10-12
00:31:00,1,2021-10-12
00:32:00,2,2021-10-12
00:33:00,2,2021-10-12
00:34:00,1,2021-10-12
00:35:00,1,2021-10-12
00:36:00,2,2021-10-12
00:37:00,2,2021-10-12
00:38:00,1,2021-10-12
00:39:00,1,2021-10-12
00:40:00,1,2021-10-12
00:41:00,1,2021-10-12
00:42:00,1,2021-10-12
00:43:00,1,2021-10-12
00:44:00,1,2021-10-12
00:45:00,1,2021-10-12
00:46:00,1,2021-10-12
00:47:00,1,2021-10-12
00:48:00,1,2021-10-12
00:49:00,1,2021-10-12
00:50:00,1,2021-10-12
00:51:00,1,2021-10-12
00:52:00,1,2021-10-12
00:53:00,1,2021-10-12
00:54:00,1,2021-10-12
00:55:00,1,2021-10-12
00:56:00,1,2021-10-12
00:57:00,1,2021-10-12
00:58:00,1,2021-10-12
00:59:00,1,2021-10-12
01:00:00,1,2021-10-12
01:01:00,2,2021-10-12
01:02:00,1,2021-10-12
01:03:00,1,2021-10-12
01:04:00,1,2021-10-12
01:05:00,1,2021-10-12
01:06:00,1,2021-10-12
01:07:00,1,2021-10-12
01:08:00,1,2021-10-12
01:09:00,1,2021-10-12
01:10:00,1,2021-10-12
01:11:00,1,2021-10-12
01:12:00,3,2021-10-12
01:13:00,3,2021-10-12
01:14:00,3,2021-10-12
01:15:00,3,2021-10-12
01:16:00,1,2021-10-12
01:17:00,1,2021-10-12
01:18:00,1,2021-10-12
01:19:00,1,2021-10-12
01:20:00,1,2021-10-12
01:21:00,1,2021-10-12
01:22:00,1,2021-10-12
01:23:00,1,2021-10-12
01:24:00,1,2021-10-12
01:25:00,1,2021-10-12
01:26:00,1,2021-10-12
01:27:00,1,2021-10-12
01:28:00,1,2021-10-12
01:29:00,1,2021-10-12
01:30:00,1,2021-10-12
01:31:00,1,2021-10-12
01:32:00,1,2021-10-12
01:33:00,2,2021-10-12
01:34:00,1,2021-10-12
01:35:00,1,2021-10-12
01:36:00,1,2021-10-12
01:37:00,1,2021-10-12
01:38:00,1,2021-10-12
01:39:00,1,2021-10-12
01:40:00,1,2021-10-12
01:41:00,1,2021-10-12
01:42:00,1,2021-10-12
01:43:00,1,2021-10-12
01:44:00,1,2021-10-12
01:45:00,1,2021-10-12
01:46:00,1,2021-10-12
01:47:00,1,2021-10-12
01:48:00,1,2021-10-12
01:49:00,1,2021-10-12
01:50:00,1,2021-10-12
01:51:00,1,2021-10-12
01:52:00,1,2021-10-12
01:53:00,1,2021-10-12
01:54:00,1,2021-10-12
01:55:00,1,2021-10-12
01:56:00,1,2021-10-12
01:57:00,1,2021-10-12
01:58:00,1,2021-10-12
01:59:00,1,2021-10-12
02:00:00,1,2021-10-12
02:01:00,1,2021-10-12
02:02:00,1,2021-10-12
02:03:00,1,2021-10-12
02:04:00,1,2021-10-12
02:05:00,1,2021-10-12
02:06:00,1,2021-10-12
02:07:00,1,2021-10-12
02:08:00,1,2021-10-12
02:09:00,1,2021-10-12
02:10:00,1,2021-10-12
02:11:00,1,2021-10-12
02:12:00,1,2021-10-12
02:13:00,1,2021-10-12
02:14:00,1,2021-10-12
02:15:00,1,2021-10-12
02:16:00,1,2021-10-12
02:17:00,2,2021-10-12
02:18:00,2,2021-10-12
02:19:00,2,2021-10-12
02:20:00,2,2021-10-12
02:21:00,2,2021-10-12
02:22:00,1,2021-10-12
02:23:00,1,2021-10-12
02:24:00,2,2021-10-12
02:25:00,1,2021-10-12
02:26:00,1,2021-10-12
02:27:00,1,2021-10-12
02:28:00,1,2021-10-12
02:29:00,1,2021-10-12
02:30:00,1,2021-10-12
02:31:00,1,2021-10-12
02:32:00,1,2021-10-12
02:33:00,1,2021-10-12
02:34:00,1,2021-10-12
02:35:00,1,2021-10-12
02:36:00,1,2021-10-12
02:37:00,1,2021-10-12
02:38:00,1,2021-10-12
02:39:00,1,2021-10-12
02:40:00,1,2021-10-12
02:41:00,1,2021-10-12
02:42:00,2,2021-10-12
02:43:00,2,2021-10-12
02:44:00,2,2021-10-12
02:45:00,1,2021-10-12
02:46:00,1,2021-10-12
02:47:00,1,2021-10-12
02:48:00,1,2021-10-12
02:49:00,1,2021-10-12
02:50:00,1,2021-10-12
02:51:00,1,2021-10-12
02:52:00,1,2021-10-12
02:53:00,1,2021-10-12
02:54:00,1,2021-10-12
02:55:00,1,2021-10-12
02:56:00,1,2021-10-12
02:57:00,1,2021-10-12
02:58:00,1,2021-10-12
02:59:00,1,2021-10-12
03:00:00,1,2021-10-12
03:01:00,1,2021-10-12
03:02:00,1,2021-10-12
03:03:00,1,2021-10-12
03:04:00,1,2021-10-12
03:05:00,1,2021-10-12
03:06:00,1,2021-10-12
03:07:00,1,2021-10-12
03:08:00,1,2021-10-12
03:09:00,1,2021-10-12
03:10:00,2,2021-10-12
03:11:00,2,2021-10-12
03:12:00,1,2021-10-12
03:13:00,1,2021-10-12
03:14:00,1,2021-10-12
03:15:00,1,2021-10-12
03:16:00,1,2021-10-12
03:17:00,1,2021-10-12
03:18:00,1,2021-10-12
03:19:00,1,2021-10-12
03:20:00,2,2021-10-12
03:21:00,3,2021-10-12
03:22:00,3,2021-10-12
03:23:00,2,2021-10-12
03:24:00,2,2021-10-12
03:25:00,2,2021-10-12
03:26:00,2,2021-10-12
03:27:00,2,2021-10-12
03:28:00,2,2021-10-12
03:29:00,1,2021-10-12
03:30:00,1,2021-10-12
03:31:00,1,2021-10-12
03:32:00,1,2021-10-12
03:33:00,1,2021-10-12
03:34:00,1,2021-10-12
03:35:00,1,2021-10-12
03:36:00,1,2021-10-12
03:37:00,1,2021-10-12
03:38:00,1,2021-10-12
03:39:00,1,2021-10-12
03:40:00,1,2021-10-12
03:41:00,1,2021-10-12
03:42:00,1,2021-10-12
03:43:00,1,2021-10-12
03:44:00,1,2021-10-12
03:45:00,1,2021-10-12
03:46:00,1,2021-10-12
03:47:00,1,2021-10-12
03:48:00,1,2021-10-12
03:49:00,1,2021-10-12
03:50:00,1,2021-10-12
03:51:00,1,2021-10-12
03:52:00,1,2021-10-12
03:53:00,1,2021-10-12
03:54:00,1,2021-10-12
03:55:00,1,2021-10-12
03:56:00,1,2021-10-12
03:57:00,1,2021-10-12
03:58:00,1,2021-10-12
03:59:00,1,2021-10-12
04:00:00,1,2021-10-12
04:01:00,1,2021-10-12
04:02:00,1,2021-10-12
04:03:00,1,2021-10-12
04:04:00,1,2021-10-12
04:05:00,1,2021-10-12
04:06:00,1,2021-10-12
04:07:00,1,2021-10-12
04:08:00,1,2021-10-12
04:09:00,1,2021-10-12
04:10:00,1,2021-10-12
04:11:00,1,2021-10-12
04:12:00,1,2021-10-12
04:13:00,1,2021-10-12
04:14:00,1,2021-10-12
04:15:00,1,2021-10-12
04:16:00,1,2021-10-12
04:17:00,1,2021-10-12
04:18:00,1,2021-10-12
04:19:00,3,2021-10-12
04:20:00,2,2021-10-12
04:21:00,2,2021-10-12
04:22:00,2,2021-10-12
04:23:00,2,2021-10-12
04:24:00,1,2021-10-12
04:25:00,1,2021-10-12
04:26:00,1,2021-10-12
04:27:00,1,2021-10-12
04:28:00,1,2021-10-12
04:29:00,1,2021-10-12
04:30:00,1,2021-10-12
04:31:00,1,2021-10-12
04:32:00,1,2021-10-12
04:33:00,1,2021-10-12
04:34:00,1,2021-10-12
04:35:00,1,2021-10-12
04:36:00,1,2021-10-12
04:37:00,1,2021-10-12
04:38:00,1,2021-10-12
04:39:00,1,2021-10-12
04:40:00,1,2021-10-12
04:41:00,2,2021-10-12
04:42:00,2,2021-10-12
04:43:00,1,2021-10-12
04:44:00,1,2021-10-12
04:45:00,1,2021-10-12
04:46:00,1,2021-10-12
04:47:00,1,2021-10-12
04:48:00,1,2021-10-12
04:49:00,1,2021-10-12
04:50:00,1,2021-10-12
04:51:00,1,2021-10-12
04:52:00,1,2021-10-12
04:53:00,1,2021-10-12
04:54:00,1,2021-10-12
04:55:00,1,2021-10-12
04:56:00,1,2021-10-12
04:57:00,1,2021-10-12
04:58:00,1,2021-10-12
04:59:00,1,2021-10-12
05:00:00,1,2021-10-12
05:01:00,1,2021-10-12
05:02:00,1,2021-10-12
05:03:00,1,2021-10-12
05:04:00,1,2021-10-12
05:05:00,1,2021-10-12
05:06:00,1,2021-10-12
05:07:00,1,2021-10-12
05:08:00,1,2021-10-12
05:09:00,1,2021-10-12
05:10:00,1,2021-10-12
05:11:00,1,2021-10-12
05:12:00,1,2021-10-12
05:13:00,1,2021-10-12
05:14:00,1,2021-10-12
05:15:00,1,2021-10-12
05:16:00,1,2021-10-12
05:17:00,1,2021-10-12
05:18:00,1,2021-10-12
05:19:00,1,2021-10-12
05:20:00,1,2021-10-12
05:21:00,1,2021-10-12
05:22:00,1,2021-10-12
05:23:00,1,2021-10-12
05:24:00,1,2021-10-12
05:25:00,1,2021-10-12
05:26:00,1,2021-10-12
05:27:00,1,2021-10-12
05:28:00,1,2021-10-12
05:29:00,1,2021-10-12
05:30:00,1,2021-10-12
05:31:00,1,2021-10-12
05:32:00,1,2021-10-12
05:33:00,1,2021-10-12
05:34:00,1,2021-10-12
05:35:00,1,2021-10-12
05:36:00,1,2021-10-12
05:37:00,1,2021-10-12
05:38:00,1,2021-10-12
05:39:00,1,2021-10-12
05:40:00,1,2021-10-12
05:41:00,1,2021-10-12
05:42:00,1,2021-10-12
05:43:00,1,2021-10-12
05:44:00,1,2021-10-12
05:45:00,1,2021-10-12
05:46:00,1,2021-10-12
05:47:00,1,2021-10-12
05:48:00,1,2021-10-12
05:49:00,1,2021-10-12
05:50:00,1,2021-10-12
05:51:00,1,2021-10-12
05:52:00,1,2021-10-12
05:53:00,1,2021-10-12
05:54:00,1,2021-10-12
05:55:00,1,2021-10-12
05:56:00,1,2021-10-12
05:57:00,1,2021-10-12
05:58:00,1,2021-10-12
05:59:00,1,2021-10-12
06:00:00,1,2021-10-12
06:01:00,1,2021-10-12
06:02:00,1,2021-10-12
06:03:00,1,2021-10-12
06:04:00,1,2021-10-12
06:05:00,1,2021-10-12
06:06:00,1,2021-10-12
06:07:00,1,2021-10-12
06:08:00,1,2021-10-12
06:09:00,1,2021-10-12
06:10:00,1,2021-10-12
06:11:00,1,2021-10-12
06:12:00,1,2021-10-12
06:13:00,1,2021-10-12
06:14:00,1,2021-10-12
06:15:00,1,2021-10-12
06:16:00,1,2021-10-12
06:17:00,1,2021-10-12
06:18:00,1,2021-10-12
06:19:00,1,2021-10-12
06:20:00,1,2021-10-12
06:21:00,1,2021-10-12
06:22:00,1,2021-10-12
06:23:00,1,2021-10-12
06:24:00,1,2021-10-12
06:25:00,1,2021-10-12
06:26:00,2,2021-10-12
06:27:00,2,2021-10-12
06:28:00,1,2021-10-12
06:29:00,1,2021-10-12
06:30:00,1,2021-10-12
06:31:00,1,2021-10-12
06:32:00,1,2021-10-12
06:33:00,1,2021-10-12
06:34:00,1,2021-10-12
06:35:00,1,2021-10-12
06:36:00,1,2021-10-12
06:37:00,1,2021-10-12
06:38:00,1,2021-10-12
06:39:00,1,2021-10-12
06:40:00,1,2021-10-12
06:41:00,1,2021-10-12
06:42:00,1,2021-10-12
06:43:00,1,2021-10-12
06:44:00,1,2021-10-12
06:45:00,1,2021-10-12
06:46:00,1,2021-10-12
06:47:00,1,2021-10-12
06:48:00,1,2021-10-12
06:49:00,1,2021-10-12
06:50:00,1,2021-10-12
06:51:00,1,2021-10-12
06:52:00,1,2021-10-12
06:53:00,1,2021-10-12
06:54:00,1,2021-10-12
06:55:00,1,2021-10-12
06:56:00,1,2021-10-12
06:57:00,1,2021-10-12
06:58:00,1,2021-10-12
06:59:00,1,2021-10-12
07:00:00,1,2021-10-12
07:01:00,1,2021-10-12
07:02:00,1,2021-10-12
07:03:00,1,2021-10-12
07:04:00,1,2021-10-12
07:05:00,1,2021-10-12
07:06:00,2,2021-10-12
07:07:00,2,2021-10-12
07:08:00,1,2021-10-12
07:09:00,1,2021-10-12
07:10:00,2,2021-10-12
07:11:00,2,2021-10-12
07:12:00,2,2021-10-12
07:13:00,2,2021-10-12
07:14:00,1,2021-10-12
07:15:00,2,2021-10-12
07:16:00,2,2021-10-12
07:17:00,1,2021-10-12
07:18:00,1,2021-10-12
07:19:00,1,2021-10-12
07:20:00,1,2021-10-12
07:21:00,1,2021-10-12
07:22:00,1,2021-10-12
07:23:00,1,2021-10-12
07:24:00,1,2021-10-12
07:25:00,1,2021-10-12
07:26:00,1,2021-10-12
07:27:00,1,2021-10-12
07:28:00,1,2021-10-12
07:29:00,1,2021-10-12
07:30:00,1,2021-10-12
07:31:00,1,2021-10-12
07:32:00,1,2021-10-12
07:33:00,2,2021-10-12
07:34:00,2,2021-10-12
07:35:00,2,2021-10-12
07:36:00,1,2021-10-12
07:37:00,1,2021-10-12
07:38:00,1,2021-10-12
07:39:00,1,2021-10-12
07:40:00,1,2021-10-12
07:41:00,1,2021-10-12
07:42:00,1,2021-10-12
07:43:00,1,2021-10-12
07:44:00,1,2021-10-12
07:45:00,1,2021-10-12
07:46:00,1,2021-10-12
07:47:00,1,2021-10-12
07:48:00,1,2021-10-12
07:49:00,1,2021-10-12
07:50:00,1,2021-10-12
07:51:00,1,2021-10-12
07:52:00,2,2021-10-12
07:53:00,2,2021-10-12
07:54:00,2,2021-10-12
07:55:00,2,2021-10-12
07:56:00,1,2021-10-12
07:57:00,1,2021-10-12
07:58:00,1,2021-10-12
07:59:00,1,2021-10-12
08:00:00,1,2021-10-12
08:01:00,1,2021-10-12
08:02:00,1,2021-10-12
08:03:00,1,2021-10-12
08:04:00,1,2021-10-12
08:05:00,1,2021-10-12
08:06:00,1,2021-10-12
08:07:00,1,2021-10-12
08:08:00,1,2021-10-12
08:09:00,1,2021-10-12
08:10:00,1,2021-10-12
00:15:00,3,2021-10-13
00:16:00,2,2021-10-13
00:17:00,2,2021-10-13
00:18:00,2,2021-10-13
00:19:00,2,2021-10-13
00:20:00,2,2021-10-13
00:21:00,2,2021-10-13
00:22:00,2,2021-10-13
00:23:00,2,2021-10-13
00:24:00,2,2021-10-13
00:25:00,2,2021-10-13
00:26:00,2,2021-10-13
00:27:00,2,2021-10-13
00:28:00,1,2021-10-13
00:29:00,1,2021-10-13
00:30:00,1,2021-10-13
00:31:00,1,2021-10-13
00:32:00,1,2021-10-13
00:33:00,1,2021-10-13
00:34:00,1,2021-10-13
00:35:00,1,2021-10-13
00:36:00,2,2021-10-13
00:37:00,2,2021-10-13
00:38:00,2,2021-10-13
00:39:00,2,2021-10-13
00:40:00,3,2021-10-13
00:41:00,1,2021-10-13
00:42:00,1,2021-10-13
00:43:00,1,2021-10-13
00:44:00,1,2021-10-13
00:45:00,1,2021-10-13
00:46:00,1,2021-10-13
00:47:00,1,2021-10-13
00:48:00,1,2021-10-13
00:49:00,1,2021-10-13
00:50:00,1,2021-10-13
00:51:00,1,2021-10-13
00:52:00,1,2021-10-13
00:53:00,1,2021-10-13
00:54:00,1,2021-10-13
00:55:00,1,2021-10-13
00:56:00,1,2021-10-13
00:57:00,1,2021-10-13
00:58:00,1,2021-10-13
00:59:00,1,2021-10-13
01:00:00,1,2021-10-13
01:01:00,1,2021-10-13
01:02:00,1,2021-10-13
01:03:00,1,2021-10-13
01:04:00,1,2021-10-13
01:05:00,1,2021-10-13
01:06:00,1,2021-10-13
01:07:00,1,2021-10-13
01:08:00,1,2021-10-13
01:09:00,1,2021-10-13
01:10:00,1,2021-10-13
01:11:00,1,2021-10-13
01:12:00,1,2021-10-13
01:13:00,1,2021-10-13
01:14:00,1,2021-10-13
01:15:00,1,2021-10-13
01:16:00,1,2021-10-13
01:17:00,1,2021-10-13
01:18:00,1,2021-10-13
01:19:00,1,2021-10-13
01:20:00,1,2021-10-13
01:21:00,1,2021-10-13
01:22:00,1,2021-10-13
01:23:00,1,2021-10-13
01:24:00,1,2021-10-13
01:25:00,1,2021-10-13
01:26:00,1,2021-10-13
01:27:00,1,2021-10-13
01:28:00,1,2021-10-13
01:29:00,1,2021-10-13
01:30:00,1,2021-10-13
01:31:00,1,2021-10-13
01:32:00,1,2021-10-13
01:33:00,1,2021-10-13
01:34:00,1,2021-10-13
01:35:00,1,2021-10-13
01:36:00,1,2021-10-13
01:37:00,1,2021-10-13
01:38:00,1,2021-10-13
01:39:00,1,2021-10-13
01:40:00,1,2021-10-13
01:41:00,1,2021-10-13
01:42:00,1,2021-10-13
01:43:00,1,2021-10-13
01:44:00,1,2021-10-13
01:45:00,1,2021-10-13
01:46:00,1,2021-10-13
01:47:00,1,2021-10-13
01:48:00,1,2021-10-13
01:49:00,2,2021-10-13
01:50:00,3,2021-10-13
01:51:00,2,2021-10-13
01:52:00,2,2021-10-13
01:53:00,1,2021-10-13
01:54:00,1,2021-10-13
01:55:00,1,2021-10-13
01:56:00,1,2021-10-13
01:57:00,1,2021-10-13
01:58:00,1,2021-10-13
01:59:00,1,2021-10-13
02:00:00,1,2021-10-13
02:01:00,1,2021-10-13
02:02:00,1,2021-10-13
02:03:00,1,2021-10-13
02:04:00,1,2021-10-13
02:05:00,1,2021-10-13
02:06:00,1,2021-10-13
02:07:00,1,2021-10-13
02:08:00,1,2021-10-13
02:09:00,1,2021-10-13
02:10:00,1,2021-10-13
02:11:00,1,2021-10-13
02:12:00,1,2021-10-13
02:13:00,1,2021-10-13
02:14:00,1,2021-10-13
02:15:00,1,2021-10-13
02:16:00,1,2021-10-13
02:17:00,1,2021-10-13
02:18:00,1,2021-10-13
02:19:00,1,2021-10-13
02:20:00,1,2021-10-13
02:21:00,1,2021-10-13
02:22:00,1,2021-10-13
02:23:00,1,2021-10-13
02:24:00,1,2021-10-13
02:25:00,1,2021-10-13
02:26:00,1,2021-10-13
02:27:00,1,2021-10-13
02:28:00,1,2021-10-13
02:29:00,1,2021-10-13
02:30:00,2,2021-10-13
02:31:00,2,2021-10-13
02:32:00,2,2021-10-13
02:33:00,2,2021-10-13
02:34:00,2,2021-10-13
02:35:00,1,2021-10-13
02:36:00,1,2021-10-13
02:37:00,1,2021-10-13
02:38:00,1,2021-10-13
02:39:00,1,2021-10-13
02:40:00,1,2021-10-13
02:41:00,1,2021-10-13
02:42:00,1,2021-10-13
02:43:00,1,2021-10-13
02:44:00,1,2021-10-13
02:45:00,1,2021-10-13
02:46:00,1,2021-10-13
02:47:00,1,2021-10-13
02:48:00,1,2021-10-13
02:49:00,1,2021-10-13
02:50:00,1,2021-10-13
02:51:00,1,2021-10-13
02:52:00,1,2021-10-13
02:53:00,1,2021-10-13
02:54:00,1,2021-10-13
02:55:00,1,2021-10-13
02:56:00,1,2021-10-13
02:57:00,1,2021-10-13
02:58:00,1,2021-10-13
02:59:00,1,2021-10-13
03:00:00,1,2021-10-13
03:01:00,1,2021-10-13
03:02:00,1,2021-10-13
03:03:00,1,2021-10-13
03:04:00,1,2021-10-13
03:05:00,1,2021-10-13
03:06:00,1,2021-10-13
03:07:00,1,2021-10-13
03:08:00,1,2021-10-13
03:09:00,1,2021-10-13
03:10:00,1,2021-10-13
03:11:00,1,2021-10-13
03:12:00,1,2021-10-13
03:13:00,1,2021-10-13
03:14:00,1,2021-10-13
03:15:00,1,2021-10-13
03:16:00,1,2021-10-13
03:17:00,1,2021-10-13
03:18:00,1,2021-10-13
03:19:00,1,2021-10-13
03:20:00,1,2021-10-13
03:21:00,1,2021-10-13
03:22:00,1,2021-10-13
03:23:00,1,2021-10-13
03:24:00,1,2021-10-13
03:25:00,1,2021-10-13
03:26:00,1,2021-10-13
03:27:00,1,2021-10-13
03:28:00,1,2021-10-13
03:29:00,1,2021-10-13
03:30:00,1,2021-10-13
03:31:00,1,2021-10-13
03:32:00,1,2021-10-13
03:33:00,2,2021-10-13
03:34:00,2,2021-10-13
03:35:00,2,2021-10-13
03:36:00,1,2021-10-13
03:37:00,1,2021-10-13
03:38:00,1,2021-10-13
03:39:00,1,2021-10-13
03:40:00,1,2021-10-13
03:41:00,1,2021-10-13
03:42:00,1,2021-10-13
03:43:00,1,2021-10-13
03:44:00,1,2021-10-13
03:45:00,1,2021-10-13
03:46:00,1,2021-10-13
03:47:00,1,2021-10-13
03:48:00,1,2021-10-13
03:49:00,1,2021-10-13
03:50:00,1,2021-10-13
03:51:00,1,2021-10-13
03:52:00,1,2021-10-13
03:53:00,1,2021-10-13
03:54:00,1,2021-10-13
03:55:00,1,2021-10-13
03:56:00,1,2021-10-13
03:57:00,1,2021-10-13
03:58:00,1,2021-10-13
03:59:00,1,2021-10-13
04:00:00,1,2021-10-13
04:01:00,1,2021-10-13
04:02:00,1,2021-10-13
04:03:00,1,2021-10-13
04:04:00,1,2021-10-13
04:05:00,1,2021-10-13
04:06:00,1,2021-10-13
04:07:00,1,2021-10-13
04:08:00,1,2021-10-13
04:09:00,2,2021-10-13
04:10:00,1,2021-10-13
04:11:00,1,2021-10-13
04:12:00,1,2021-10-13
04:13:00,1,2021-10-13
04:14:00,1,2021-10-13
04:15:00,1,2021-10-13
04:16:00,1,2021-10-13
04:17:00,1,2021-10-13
04:18:00,1,2021-10-13
04:19:00,1,2021-10-13
04:20:00,1,2021-10-13
04:21:00,1,2021-10-13
04:22:00,1,2021-10-13
04:23:00,1,2021-10-13
04:24:00,1,2021-10-13
04:25:00,1,2021-10-13
04:26:00,1,2021-10-13
04:27:00,1,2021-10-13
04:28:00,1,2021-10-13
04:29:00,1,2021-10-13
04:30:00,1,2021-10-13
04:31:00,1,2021-10-13
04:32:00,1,2021-10-13
04:33:00,1,2021-10-13
04:34:00,1,2021-10-13
04:35:00,1,2021-10-13
04:36:00,1,2021-10-13
04:37:00,1,2021-10-13
04:38:00,1,2021-10-13
04:39:00,1,2021-10-13
04:40:00,1,2021-10-13
04:41:00,1,2021-10-13
04:42:00,1,2021-10-13
04:43:00,1,2021-10-13
04:44:00,1,2021-10-13
04:45:00,1,2021-10-13
04:46:00,1,2021-10-13
04:47:00,1,2021-10-13
04:48:00,1,2021-10-13
04:49:00,1,2021-10-13
04:50:00,1,2021-10-13
04:51:00,1,2021-10-13
04:52:00,1,2021-10-13
04:53:00,1,2021-10-13
04:54:00,1,2021-10-13
04:55:00,1,2021-10-13
04:56:00,1,2021-10-13
04:57:00,1,2021-10-13
04:58:00,2,2021-10-13
04:59:00,2,2021-10-13
05:00:00,2,2021-10-13
05:01:00,1,2021-10-13
05:02:00,1,2021-10-13
05:03:00,1,2021-10-13
05:04:00,1,2021-10-13
05:05:00,1,2021-10-13
05:06:00,1,2021-10-13
05:07:00,1,2021-10-13
05:08:00,1,2021-10-13
05:09:00,1,2021-10-13
05:10:00,1,2021-10-13
05:11:00,1,2021-10-13
05:12:00,1,2021-10-13
05:13:00,1,2021-10-13
05:14:00,1,2021-10-13
05:15:00,1,2021-10-13
05:16:00,1,2021-10-13
05:17:00,1,2021-10-13
05:18:00,1,2021-10-13
05:19:00,1,2021-10-13
05:20:00,1,2021-10-13
05:21:00,1,2021-10-13
05:22:00,1,2021-10-13
05:23:00,1,2021-10-13
05:24:00,1,2021-10-13
05:25:00,1,2021-10-13
05:26:00,1,2021-10-13
05:27:00,1,2021-10-13
05:28:00,1,2021-10-13
05:29:00,1,2021-10-13
05:30:00,1,2021-10-13
05:31:00,1,2021-10-13
05:32:00,1,2021-10-13
05:33:00,1,2021-10-13
05:34:00,1,2021-10-13
05:35:00,1,2021-10-13
05:36:00,1,2021-10-13
05:37:00,1,2021-10-13
05:38:00,2,2021-10-13
05:39:00,2,2021-10-13
05:40:00,2,2021-10-13
05:41:00,1,2021-10-13
05:42:00,1,2021-10-13
05:43:00,1,2021-10-13
05:44:00,1,2021-10-13
05:45:00,1,2021-10-13
05:46:00,1,2021-10-13
05:47:00,1,2021-10-13
05:48:00,1,2021-10-13
05:49:00,1,2021-10-13
05:50:00,1,2021-10-13
05:51:00,1,2021-10-13
05:52:00,1,2021-10-13
05:53:00,1,2021-10-13
05:54:00,1,2021-10-13
05:55:00,1,2021-10-13
05:56:00,1,2021-10-13
05:57:00,1,2021-10-13
05:58:00,1,2021-10-13
05:59:00,1,2021-10-13
06:00:00,1,2021-10-13
06:01:00,1,2021-10-13
06:02:00,1,2021-10-13
06:03:00,1,2021-10-13
06:04:00,1,2021-10-13
06:05:00,1,2021-10-13
06:06:00,1,2021-10-13
06:07:00,1,2021-10-13
06:08:00,1,2021-10-13
06:09:00,1,2021-10-13
06:10:00,1,2021-10-13
06:11:00,1,2021-10-13
06:12:00,1,2021-10-13
06:13:00,1,2021-10-13
06:14:00,1,2021-10-13
06:15:00,1,2021-10-13
06:16:00,1,2021-10-13
06:17:00,1,2021-10-13
06:18:00,1,2021-10-13
06:19:00,1,2021-10-13
06:20:00,1,2021-10-13
06:21:00,1,2021-10-13
06:22:00,1,2021-10-13
06:23:00,1,2021-10-13
06:24:00,1,2021-10-13
06:25:00,1,2021-10-13
06:26:00,1,2021-10-13
06:27:00,1,2021-10-13
06:28:00,1,2021-10-13
06:29:00,1,2021-10-13
06:30:00,1,2021-10-13
06:31:00,1,2021-10-13
06:32:00,1,2021-10-13
06:33:00,1,2021-10-13
06:34:00,1,2021-10-13
06:35:00,1,2021-10-13
06:36:00,1,2021-10-13
06:37:00,1,2021-10-13
06:38:00,1,2021-10-13
06:39:00,1,2021-10-13
06:40:00,1,2021-10-13
06:41:00,1,2021-10-13
06:42:00,1,2021-10-13
06:43:00,1,2021-10-13
06:44:00,1,2021-10-13
06:45:00,1,2021-10-13
06:46:00,1,2021-10-13
06:47:00,1,2021-10-13
06:48:00,1,2021-10-13
06:49:00,1,2021-10-13
06:50:00,1,2021-10-13
06:51:00,1,2021-10-13
06:52:00,1,2021-10-13
06:53:00,1,2021-10-13
06:54:00,1,2021-10-13
06:55:00,2,2021-10-13
06:56:00,2,2021-10-13
06:57:00,2,2021-10-13
06:58:00,1,2021-10-13
06:59:00,1,2021-10-13
07:00:00,1,2021-10-13
07:01:00,1,2021-10-13
07:02:00,1,2021-10-13
07:03:00,1,2021-10-13
07:04:00,1,2021-10-13
07:05:00,1,2021-10-13
07:06:00,1,2021-10-13
07:07:00,1,2021-10-13
07:08:00,1,2021-10-13
07:09:00,1,2021-10-13
07:10:00,1,2021-10-13
07:11:00,1,2021-10-13
07:12:00,2,2021-10-13
07:13:00,2,2021-10-13
07:14:00,1,2021-10-13
07:15:00,1,2021-10-13
07:16:00,1,2021-10-13
07:17:00,1,2021-10-13
07:18:00,1,2021-10-13
07:19:00,1,2021-10-13
07:20:00,1,2021-10-13
07:21:00,1,2021-10-13
07:22:00,1,2021-10-13
07:23:00,1,2021-10-13
07:24:00,1,2021-10-13
07:25:00,1,2021-10-13
07:26:00,1,2021-10-13
07:27:00,1,2021-10-13
07:28:00,1,2021-10-13
07:29:00,1,2021-10-13
07:30:00,1,2021-10-13
07:31:00,2,2021-10-13
07:32:00,2,2021-10-13
07:33:00,2,2021-10-13
07:34:00,2,2021-10-13
07:35:00,1,2021-10-13
07:36:00,1,2021-10-13
07:37:00,1,2021-10-13
07:38:00,1,2021-10-13
07:39:00,1,2021-10-13
07:40:00,1,2021-10-13
07:41:00,1,2021-10-13
07:42:00,1,2021-10-13
07:43:00,1,2021-10-13
07:44:00,1,2021-10-13
07:45:00,1,2021-10-13
07:46:00,1,2021-10-13
07:47:00,1,2021-10-13
07:48:00,1,2021-10-13
07:49:00,1,2021-10-13
07:50:00,1,2021-10-13
07:51:00,1,2021-10-13
07:52:00,1,2021-10-13
07:53:00,1,2021-10-13
07:54:00,1,2021-10-13
07:55:00,1,2021-10-13
07:56:00,1,2021-10-13
07:57:00,1,2021-10-13
07:58:00,2,2021-10-13
07:59:00,2,2021-10-13
08:00:00,2,2021-10-13
08:01:00,2,2021-10-13
08:02:00,2,2021-10-13
08:03:00,1,2021-10-13
08:04:00,1,2021-10-13
08:05:00,1,2021-10-13
08:06:00,1,2021-10-13
08:07:00,1,2021-10-13
08:08:00,1,2021-10-13
00:17:00,3,2021-10-14
00:18:00,2,2021-10-14
00:19:00,2,2021-10-14
00:20:00,2,2021-10-14
00:21:00,2,2021-10-14
00:22:00,2,2021-10-14
00:23:00,2,2021-10-14
00:24:00,2,2021-10-14
00:25:00,2,2021-10-14
00:26:00,2,2021-10-14
00:27:00,2,2021-10-14
00:28:00,1,2021-10-14
00:29:00,1,2021-10-14
00:30:00,1,2021-10-14
00:31:00,1,2021-10-14
00:32:00,1,2021-10-14
00:33:00,1,2021-10-14
00:34:00,1,2021-10-14
00:35:00,1,2021-10-14
00:36:00,1,2021-10-14
00:37:00,1,2021-10-14
00:38:00,1,2021-10-14
00:39:00,1,2021-10-14
00:40:00,1,2021-10-14
00:41:00,1,2021-10-14
00:42:00,1,2021-10-14
00:43:00,1,2021-10-14
00:44:00,1,2021-10-14
00:45:00,1,2021-10-14
00:46:00,1,2021-10-14
00:47:00,1,2021-10-14
00:48:00,1,2021-10-14
00:49:00,1,2021-10-14
00:50:00,1,2021-10-14
00:51:00,1,2021-10-14
00:52:00,1,2021-10-14
00:53:00,1,2021-10-14
00:54:00,1,2021-10-14
00:55:00,1,2021-10-14
00:56:00,1,2021-10-14
00:57:00,1,2021-10-14
00:58:00,1,2021-10-14
00:59:00,1,2021-10-14
01:00:00,1,2021-10-14
01:01:00,1,2021-10-14
01:02:00,1,2021-10-14
01:03:00,1,2021-10-14
01:04:00,2,2021-10-14
01:05:00,2,2021-10-14
01:06:00,2,2021-10-14
01:07:00,1,2021-10-14
01:08:00,1,2021-10-14
01:09:00,1,2021-10-14
01:10:00,1,2021-10-14
01:11:00,1,2021-10-14
01:12:00,1,2021-10-14
01:13:00,1,2021-10-14
01:14:00,1,2021-10-14
01:15:00,1,2021-10-14
01:16:00,1,2021-10-14
01:17:00,1,2021-10-14
01:18:00,1,2021-10-14
01:19:00,1,2021-10-14
01:20:00,1,2021-10-14
01:21:00,1,2021-10-14
01:22:00,1,2021-10-14
01:23:00,2,2021-10-14
01:24:00,2,2021-10-14
01:25:00,3,2021-10-14
01:26:00,1,2021-10-14
01:27:00,1,2021-10-14
01:28:00,1,2021-10-14
01:29:00,1,2021-10-14
01:30:00,1,2021-10-14
01:31:00,1,2021-10-14
01:32:00,1,2021-10-14
01:33:00,1,2021-10-14
01:34:00,1,2021-10-14
01:35:00,2,2021-10-14
01:36:00,2,2021-10-14
01:37:00,1,2021-10-14
01:38:00,1,2021-10-14
01:39:00,1,2021-10-14
01:40:00,1,2021-10-14
01:41:00,1,2021-10-14
01:42:00,1,2021-10-14
01:43:00,1,2021-10-14
01:44:00,1,2021-10-14
01:45:00,1,2021-10-14
01:46:00,1,2021-10-14
01:47:00,1,2021-10-14
01:48:00,1,2021-10-14
01:49:00,1,2021-10-14
01:50:00,1,2021-10-14
01:51:00,1,2021-10-14
01:52:00,1,2021-10-14
01:53:00,1,2021-10-14
01:54:00,1,2021-10-14
01:55:00,1,2021-10-14
01:56:00,1,2021-10-14
01:57:00,1,2021-10-14
01:58:00,1,2021-10-14
01:59:00,1,2021-10-14
02:00:00,1,2021-10-14
02:01:00,1,2021-10-14
02:02:00,1,2021-10-14
02:03:00,1,2021-10-14
02:04:00,1,2021-10-14
02:05:00,1,2021-10-14
02:06:00,1,2021-10-14
02:07:00,1,2021-10-14
02:08:00,1,2021-10-14
02:09:00,1,2021-10-14
02:10:00,1,2021-10-14
02:11:00,1,2021-10-14
02:12:00,1,2021-10-14
02:13:00,1,2021-10-14
02:14:00,1,2021-10-14
02:15:00,1,2021-10-14
02:16:00,1,2021-10-14
02:17:00,1,2021-10-14
02:18:00,1,2021-10-14
02:19:00,1,2021-10-14
02:20:00,1,2021-10-14
02:21:00,2,2021-10-14
02:22:00,2,2021-10-14
02:23:00,3,2021-10-14
02:24:00,3,2021-10-14
02:25:00,2,2021-10-14
02:26:00,1,2021-10-14
02:27:00,1,2021-10-14
02:28:00,1,2021-10-14
02:29:00,1,2021-10-14
02:30:00,1,2021-10-14
02:31:00,1,2021-10-14
02:32:00,1,2021-10-14
02:33:00,1,2021-10-14
02:34:00,1,2021-10-14
02:35:00,1,2021-10-14
02:36:00,1,2021-10-14
02:37:00,1,2021-10-14
02:38:00,1,2021-10-14
02:39:00,1,2021-10-14
02:40:00,1,2021-10-14
02:41:00,2,2021-10-14
02:42:00,2,2021-10-14
02:43:00,2,2021-10-14
02:44:00,1,2021-10-14
02:45:00,1,2021-10-14
02:46:00,1,2021-10-14
02:47:00,1,2021-10-14
02:48:00,1,2021-10-14
02:49:00,1,2021-10-14
02:50:00,1,2021-10-14
02:51:00,1,2021-10-14
02:52:00,1,2021-10-14
02:53:00,1,2021-10-14
02:54:00,1,2021-10-14
02:55:00,1,2021-10-14
02:56:00,1,2021-10-14
02:57:00,1,2021-10-14
02:58:00,1,2021-10-14
02:59:00,1,2021-10-14
03:00:00,1,2021-10-14
03:01:00,1,2021-10-14
03:02:00,1,2021-10-14
03:03:00,1,2021-10-14
03:04:00,1,2021-10-14
03:05:00,1,2021-10-14
03:06:00,1,2021-10-14
03:07:00,1,2021-10-14
03:08:00,1,2021-10-14
03:09:00,1,2021-10-14
03:10:00,2,2021-10-14
03:11:00,2,2021-10-14
03:12:00,2,2021-10-14
03:13:00,2,2021-10-14
03:14:00,1,2021-10-14
03:15:00,1,2021-10-14
03:16:00,1,2021-10-14
03:17:00,1,2021-10-14
03:18:00,3,2021-10-14
03:19:00,1,2021-10-14
03:20:00,1,2021-10-14
03:21:00,1,2021-10-14
03:22:00,1,2021-10-14
03:23:00,1,2021-10-14
03:24:00,1,2021-10-14
03:25:00,1,2021-10-14
03:26:00,1,2021-10-14
03:27:00,1,2021-10-14
03:28:00,1,2021-10-14
03:29:00,1,2021-10-14
03:30:00,1,2021-10-14
03:31:00,1,2021-10-14
03:32:00,1,2021-10-14
03:33:00,1,2021-10-14
03:34:00,1,2021-10-14
03:35:00,1,2021-10-14
03:36:00,1,2021-10-14
03:37:00,1,2021-10-14
03:38:00,1,2021-10-14
03:39:00,1,2021-10-14
03:40:00,1,2021-10-14
03:41:00,1,2021-10-14
03:42:00,1,2021-10-14
03:43:00,1,2021-10-14
03:44:00,1,2021-10-14
03:45:00,1,2021-10-14
03:46:00,1,2021-10-14
03:47:00,1,2021-10-14
03:48:00,1,2021-10-14
03:49:00,1,2021-10-14
03:50:00,1,2021-10-14
03:51:00,1,2021-10-14
03:52:00,1,2021-10-14
03:53:00,1,2021-10-14
03:54:00,1,2021-10-14
03:55:00,1,2021-10-14
03:56:00,1,2021-10-14
03:57:00,1,2021-10-14
03:58:00,1,2021-10-14
03:59:00,1,2021-10-14
04:00:00,1,2021-10-14
04:01:00,1,2021-10-14
04:02:00,1,2021-10-14
04:03:00,1,2021-10-14
04:04:00,1,2021-10-14
04:05:00,2,2021-10-14
04:06:00,2,2021-10-14
04:07:00,1,2021-10-14
04:08:00,1,2021-10-14
04:09:00,1,2021-10-14
04:10:00,1,2021-10-14
04:11:00,1,2021-10-14
04:12:00,1,2021-10-14
04:13:00,1,2021-10-14
04:14:00,1,2021-10-14
04:15:00,1,2021-10-14
04:16:00,1,2021-10-14
04:17:00,1,2021-10-14
04:18:00,1,2021-10-14
04:19:00,1,2021-10-14
04:20:00,1,2021-10-14
04:21:00,1,2021-10-14
04:22:00,1,2021-10-14
04:23:00,1,2021-10-14
04:24:00,1,2021-10-14
04:25:00,1,2021-10-14
04:26:00,3,2021-10-14
04:27:00,2,2021-10-14
04:28:00,2,2021-10-14
04:29:00,1,2021-10-14
04:30:00,1,2021-10-14
04:31:00,1,2021-10-14
04:32:00,1,2021-10-14
04:33:00,1,2021-10-14
04:34:00,1,2021-10-14
04:35:00,1,2021-10-14
04:36:00,1,2021-10-14
04:37:00,1,2021-10-14
04:38:00,1,2021-10-14
04:39:00,1,2021-10-14
04:40:00,1,2021-10-14
04:41:00,1,2021-10-14
04:42:00,1,2021-10-14
04:43:00,1,2021-10-14
04:44:00,1,2021-10-14
04:45:00,1,2021-10-14
04:46:00,1,2021-10-14
04:47:00,1,2021-10-14
04:48:00,1,2021-10-14
04:49:00,1,2021-10-14
04:50:00,1,2021-10-14
04:51:00,1,2021-10-14
04:52:00,1,2021-10-14
04:53:00,1,2021-10-14
04:54:00,1,2021-10-14
04:55:00,1,2021-10-14
04:56:00,1,2021-10-14
04:57:00,1,2021-10-14
04:58:00,1,2021-10-14
04:59:00,1,2021-10-14
05:00:00,1,2021-10-14
05:01:00,1,2021-10-14
05:02:00,1,2021-10-14
05:03:00,1,2021-10-14
05:04:00,1,2021-10-14
05:05:00,1,2021-10-14
05:06:00,1,2021-10-14
05:07:00,1,2021-10-14
05:08:00,1,2021-10-14
05:09:00,1,2021-10-14
05:10:00,1,2021-10-14
05:11:00,1,2021-10-14
05:12:00,1,2021-10-14
05:13:00,1,2021-10-14
05:14:00,1,2021-10-14
05:15:00,1,2021-10-14
05:16:00,1,2021-10-14
05:17:00,2,2021-10-14
05:18:00,2,2021-10-14
05:19:00,1,2021-10-14
05:20:00,1,2021-10-14
05:21:00,1,2021-10-14
05:22:00,1,2021-10-14
05:23:00,1,2021-10-14
05:24:00,1,2021-10-14
05:25:00,1,2021-10-14
05:26:00,1,2021-10-14
05:27:00,1,2021-10-14
05:28:00,1,2021-10-14
05:29:00,1,2021-10-14
05:30:00,1,2021-10-14
05:31:00,1,2021-10-14
05:32:00,1,2021-10-14
05:33:00,1,2021-10-14
05:34:00,1,2021-10-14
05:35:00,1,2021-10-14
05:36:00,1,2021-10-14
05:37:00,3,2021-10-14
05:38:00,1,2021-10-14
05:39:00,1,2021-10-14
05:40:00,1,2021-10-14
05:41:00,1,2021-10-14
05:42:00,1,2021-10-14
05:43:00,1,2021-10-14
05:44:00,1,2021-10-14
05:45:00,1,2021-10-14
05:46:00,1,2021-10-14
05:47:00,1,2021-10-14
05:48:00,1,2021-10-14
05:49:00,1,2021-10-14
05:50:00,1,2021-10-14
05:51:00,1,2021-10-14
05:52:00,1,2021-10-14
05:53:00,1,2021-10-14
05:54:00,1,2021-10-14
05:55:00,1,2021-10-14
05:56:00,1,2021-10-14
05:57:00,1,2021-10-14
05:58:00,1,2021-10-14
05:59:00,1,2021-10-14
06:00:00,1,2021-10-14
06:01:00,1,2021-10-14
06:02:00,2,2021-10-14
06:03:00,2,2021-10-14
06:04:00,2,2021-10-14
06:05:00,3,2021-10-14
06:06:00,2,2021-10-14
06:07:00,1,2021-10-14
06:08:00,1,2021-10-14
06:09:00,1,2021-10-14
06:10:00,1,2021-10-14
06:11:00,1,2021-10-14
06:12:00,1,2021-10-14
06:13:00,1,2021-10-14
06:14:00,1,2021-10-14
06:15:00,1,2021-10-14
06:16:00,1,2021-10-14
06:17:00,1,2021-10-14
06:18:00,1,2021-10-14
06:19:00,1,2021-10-14
06:20:00,1,2021-10-14
06:21:00,1,2021-10-14
06:22:00,1,2021-10-14
06:23:00,1,2021-10-14
06:24:00,1,2021-10-14
06:25:00,1,2021-10-14
06:26:00,1,2021-10-14
06:27:00,1,2021-10-14
06:28:00,1,2021-10-14
06:29:00,1,2021-10-14
06:30:00,1,2021-10-14
06:31:00,1,2021-10-14
06:32:00,1,2021-10-14
06:33:00,1,2021-10-14
06:34:00,1,2021-10-14
06:35:00,1,2021-10-14
06:36:00,1,2021-10-14
06:37:00,1,2021-10-14
06:38:00,1,2021-10-14
06:39:00,1,2021-10-14
06:40:00,1,2021-10-14
06:41:00,1,2021-10-14
06:42:00,1,2021-10-14
06:43:00,1,2021-10-14
06:44:00,1,2021-10-14
06:45:00,2,2021-10-14
06:46:00,2,2021-10-14
06:47:00,1,2021-10-14
06:48:00,1,2021-10-14
06:49:00,1,2021-10-14
06:50:00,1,2021-10-14
06:51:00,1,2021-10-14
06:52:00,1,2021-10-14
06:53:00,1,2021-10-14
06:54:00,1,2021-10-14
06:55:00,1,2021-10-14
06:56:00,1,2021-10-14
06:57:00,1,2021-10-14
06:58:00,1,2021-10-14
06:59:00,1,2021-10-14
07:00:00,1,2021-10-14
07:01:00,1,2021-10-14
07:02:00,1,2021-10-14
07:03:00,1,2021-10-14
07:04:00,1,2021-10-14
07:05:00,1,2021-10-14
07:06:00,1,2021-10-14
07:07:00,1,2021-10-14
07:08:00,1,2021-10-14
07:09:00,1,2021-10-14
07:10:00,1,2021-10-14
07:11:00,1,2021-10-14
07:12:00,1,2021-10-14
07:13:00,1,2021-10-14
07:14:00,1,2021-10-14
07:15:00,1,2021-10-14
07:16:00,1,2021-10-14
07:17:00,1,2021-10-14
07:18:00,1,2021-10-14
07:19:00,1,2021-10-14
07:20:00,1,2021-10-14
07:21:00,1,2021-10-14
07:22:00,1,2021-10-14
07:23:00,1,2021-10-14
07:24:00,1,2021-10-14
07:25:00,1,2021-10-14
07:26:00,1,2021-10-14
07:27:00,1,2021-10-14
07:28:00,1,2021-10-14
07:29:00,1,2021-10-14
07:30:00,1,2021-10-14
07:31:00,2,2021-10-14
07:32:00,2,2021-10-14
07:33:00,2,2021-10-14
07:34:00,1,2021-10-14
07:35:00,1,2021-10-14
07:36:00,1,2021-10-14
07:37:00,1,2021-10-14
07:38:00,1,2021-10-14
07:39:00,1,2021-10-14
07:40:00,1,2021-10-14
07:41:00,1,2021-10-14
07:42:00,1,2021-10-14
07:43:00,1,2021-10-14
07:44:00,1,2021-10-14
07:45:00,1,2021-10-14
07:46:00,1,2021-10-14
07:47:00,1,2021-10-14
07:48:00,1,2021-10-14
07:49:00,1,2021-10-14
07:50:00,1,2021-10-14
07:51:00,1,2021-10-14
07:52:00,1,2021-10-14
07:53:00,1,2021-10-14
07:54:00,1,2021-10-14
07:55:00,1,2021-10-14
07:56:00,1,2021-10-14
07:57:00,1,2021-10-14
07:58:00,1,2021-10-14
07:59:00,1,2021-10-14
08:00:00,2,2021-10-14
08:01:00,2,2021-10-14
08:02:00,1,2021-10-14
08:03:00,1,2021-10-14
08:04:00,1,2021-10-14
08:05:00,1,2021-10-14
08:06:00,1,2021-10-14
08:07:00,1,2021-10-14
08:08:00,1,2021-10-14
08:09:00,1,2021-10-14
18:35:30,3,2021-10-15
18:36:30,1,2021-10-15
18:37:30,1,2021-10-15
18:38:30,1,2021-10-15
18:39:30,1,2021-10-15
18:40:30,1,2021-10-15
18:41:30,1,2021-10-15
18:42:30,1,2021-10-15
18:43:30,1,2021-10-15
18:44:30,1,2021-10-15
18:45:30,1,2021-10-15
18:46:30,1,2021-10-15
18:47:30,1,2021-10-15
18:48:30,1,2021-10-15
18:49:30,1,2021-10-15
18:50:30,1,2021-10-15
18:51:30,1,2021-10-15
18:52:30,1,2021-10-15
18:53:30,1,2021-10-15
18:54:30,1,2021-10-15
18:55:30,2,2021-10-15
18:56:30,1,2021-10-15
18:57:30,1,2021-10-15
18:58:30,1,2021-10-15
18:59:30,1,2021-10-15
19:00:30,1,2021-10-15
19:01:30,1,2021-10-15
19:02:30,2,2021-10-15
19:03:30,2,2021-10-15
19:04:30,1,2021-10-15
19:05:30,1,2021-10-15
19:06:30,2,2021-10-15
19:07:30,1,2021-10-15
19:08:30,1,2021-10-15
19:09:30,1,2021-10-15
19:10:30,1,2021-10-15
19:11:30,1,2021-10-15
19:12:30,1,2021-10-15
19:13:30,1,2021-10-15
19:14:30,1,2021-10-15
19:15:30,1,2021-10-15
19:16:30,1,2021-10-15
19:17:30,1,2021-10-15
19:18:30,1,2021-10-15
19:19:30,1,2021-10-15
19:20:30,1,2021-10-15
19:21:30,1,2021-10-15
19:22:30,1,2021-10-15
19:23:30,1,2021-10-15
19:24:30,1,2021-10-15
19:25:30,1,2021-10-15
19:26:30,1,2021-10-15
19:27:30,1,2021-10-15
19:28:30,1,2021-10-15
19:29:30,1,2021-10-15
19:30:30,1,2021-10-15
19:31:30,1,2021-10-15
19:32:30,1,2021-10-15
19:33:30,1,2021-10-15
19:34:30,1,2021-10-15
19:35:30,2,2021-10-15
19:36:30,2,2021-10-15
19:37:30,1,2021-10-15
19:38:30,1,2021-10-15
19:39:30,1,2021-10-15
19:40:30,1,2021-10-15
19:41:30,1,2021-10-15
19:42:30,1,2021-10-15
19:43:30,1,2021-10-15
19:44:30,1,2021-10-15
19:45:30,1,2021-10-15
19:46:30,1,2021-10-15
19:47:30,1,2021-10-15
19:48:30,1,2021-10-15
19:49:30,1,2021-10-15
19:50:30,1,2021-10-15
19:51:30,1,2021-10-15
19:52:30,1,2021-10-15
19:53:30,1,2021-10-15
19:54:30,1,2021-10-15
19:55:30,1,2021-10-15
19:56:30,1,2021-10-15
19:57:30,1,2021-10-15
19:58:30,1,2021-10-15
19:59:30,1,2021-10-15
20:00:30,1,2021-10-15
20:01:30,1,2021-10-15
20:02:30,1,2021-10-15
20:03:30,1,2021-10-15
20:04:30,1,2021-10-15
20:05:30,1,2021-10-15
20:06:30,1,2021-10-15
20:07:30,1,2021-10-15
20:08:30,1,2021-10-15
20:09:30,1,2021-10-15
20:10:30,1,2021-10-15
20:11:30,1,2021-10-15
20:12:30,1,2021-10-15
20:13:30,1,2021-10-15
20:14:30,1,2021-10-15
20:15:30,1,2021-10-15
20:16:30,1,2021-10-15
20:17:30,1,2021-10-15
20:18:30,1,2021-10-15
20:19:30,1,2021-10-15
20:20:30,1,2021-10-15
20:21:30,1,2021-10-15
20:22:30,1,2021-10-15
20:23:30,1,2021-10-15
20:24:30,1,2021-10-15
20:25:30,1,2021-10-15
01:26:00,3,2021-10-16
01:27:00,3,2021-10-16
01:28:00,3,2021-10-16
01:29:00,2,2021-10-16
01:30:00,1,2021-10-16
01:31:00,1,2021-10-16
01:32:00,1,2021-10-16
01:33:00,1,2021-10-16
01:34:00,2,2021-10-16
01:35:00,1,2021-10-16
01:36:00,1,2021-10-16
01:37:00,1,2021-10-16
01:38:00,1,2021-10-16
01:39:00,1,2021-10-16
01:40:00,1,2021-10-16
01:41:00,1,2021-10-16
01:42:00,1,2021-10-16
01:43:00,1,2021-10-16
01:44:00,1,2021-10-16
01:45:00,1,2021-10-16
01:46:00,1,2021-10-16
01:47:00,1,2021-10-16
01:48:00,1,2021-10-16
01:49:00,1,2021-10-16
01:50:00,1,2021-10-16
01:51:00,1,2021-10-16
01:52:00,1,2021-10-16
01:53:00,1,2021-10-16
01:54:00,1,2021-10-16
01:55:00,1,2021-10-16
01:56:00,1,2021-10-16
01:57:00,1,2021-10-16
01:58:00,1,2021-10-16
01:59:00,1,2021-10-16
02:00:00,1,2021-10-16
02:01:00,1,2021-10-16
02:02:00,1,2021-10-16
02:03:00,1,2021-10-16
02:04:00,1,2021-10-16
02:05:00,1,2021-10-16
02:06:00,1,2021-10-16
02:07:00,1,2021-10-16
02:08:00,1,2021-10-16
02:09:00,1,2021-10-16
02:10:00,1,2021-10-16
02:11:00,1,2021-10-16
02:12:00,1,2021-10-16
02:13:00,1,2021-10-16
02:14:00,1,2021-10-16
02:15:00,1,2021-10-16
02:16:00,1,2021-10-16
02:17:00,1,2021-10-16
02:18:00,1,2021-10-16
02:19:00,2,2021-10-16
02:20:00,2,2021-10-16
02:21:00,2,2021-10-16
02:22:00,2,2021-10-16
02:23:00,3,2021-10-16
02:24:00,3,2021-10-16
02:25:00,3,2021-10-16
02:26:00,3,2021-10-16
02:27:00,2,2021-10-16
02:28:00,1,2021-10-16
02:29:00,1,2021-10-16
02:30:00,1,2021-10-16
02:31:00,1,2021-10-16
02:32:00,1,2021-10-16
02:33:00,1,2021-10-16
02:34:00,1,2021-10-16
02:35:00,1,2021-10-16
02:36:00,1,2021-10-16
02:37:00,1,2021-10-16
02:38:00,1,2021-10-16
02:39:00,1,2021-10-16
02:40:00,1,2021-10-16
02:41:00,1,2021-10-16
02:42:00,1,2021-10-16
02:43:00,1,2021-10-16
02:44:00,1,2021-10-16
02:45:00,1,2021-10-16
02:46:00,1,2021-10-16
02:47:00,1,2021-10-16
02:48:00,1,2021-10-16
02:49:00,1,2021-10-16
02:50:00,1,2021-10-16
02:51:00,1,2021-10-16
02:52:00,1,2021-10-16
02:53:00,1,2021-10-16
02:54:00,1,2021-10-16
02:55:00,1,2021-10-16
02:56:00,1,2021-10-16
02:57:00,1,2021-10-16
02:58:00,1,2021-10-16
02:59:00,1,2021-10-16
03:00:00,1,2021-10-16
03:01:00,1,2021-10-16
03:02:00,1,2021-10-16
03:03:00,1,2021-10-16
03:04:00,1,2021-10-16
03:05:00,1,2021-10-16
03:06:00,1,2021-10-16
03:07:00,1,2021-10-16
03:08:00,1,2021-10-16
03:09:00,1,2021-10-16
03:10:00,1,2021-10-16
03:11:00,1,2021-10-16
03:12:00,1,2021-10-16
03:13:00,1,2021-10-16
03:14:00,1,2021-10-16
03:15:00,1,2021-10-16
03:16:00,1,2021-10-16
03:17:00,1,2021-10-16
03:18:00,1,2021-10-16
03:19:00,1,2021-10-16
03:20:00,1,2021-10-16
03:21:00,1,2021-10-16
03:22:00,1,2021-10-16
03:23:00,1,2021-10-16
03:24:00,1,2021-10-16
03:25:00,1,2021-10-16
03:26:00,1,2021-10-16
03:27:00,1,2021-10-16
03:28:00,1,2021-10-16
03:29:00,1,2021-10-16
03:30:00,1,2021-10-16
03:31:00,1,2021-10-16
03:32:00,1,2021-10-16
03:33:00,1,2021-10-16
03:34:00,1,2021-10-16
03:35:00,1,2021-10-16
03:36:00,1,2021-10-16
03:37:00,1,2021-10-16
03:38:00,1,2021-10-16
03:39:00,1,2021-10-16
03:40:00,1,2021-10-16
03:41:00,1,2021-10-16
03:42:00,1,2021-10-16
03:43:00,1,2021-10-16
03:44:00,1,2021-10-16
03:45:00,1,2021-10-16
03:46:00,1,2021-10-16
03:47:00,1,2021-10-16
03:48:00,1,2021-10-16
03:49:00,1,2021-10-16
03:50:00,1,2021-10-16
03:51:00,1,2021-10-16
03:52:00,1,2021-10-16
03:53:00,1,2021-10-16
03:54:00,1,2021-10-16
03:55:00,1,2021-10-16
03:56:00,1,2021-10-16
03:57:00,2,2021-10-16
03:58:00,2,2021-10-16
03:59:00,2,2021-10-16
04:00:00,1,2021-10-16
04:01:00,1,2021-10-16
04:02:00,2,2021-10-16
04:03:00,1,2021-10-16
04:04:00,1,2021-10-16
04:05:00,1,2021-10-16
04:06:00,1,2021-10-16
04:07:00,1,2021-10-16
04:08:00,1,2021-10-16
04:09:00,1,2021-10-16
04:10:00,1,2021-10-16
04:11:00,1,2021-10-16
04:12:00,1,2021-10-16
04:13:00,1,2021-10-16
04:14:00,1,2021-10-16
04:15:00,1,2021-10-16
04:16:00,1,2021-10-16
04:17:00,1,2021-10-16
04:18:00,1,2021-10-16
04:19:00,1,2021-10-16
04:20:00,1,2021-10-16
04:21:00,1,2021-10-16
04:22:00,1,2021-10-16
04:23:00,1,2021-10-16
04:24:00,1,2021-10-16
04:25:00,1,2021-10-16
04:26:00,1,2021-10-16
04:27:00,1,2021-10-16
04:28:00,1,2021-10-16
04:29:00,1,2021-10-16
04:30:00,1,2021-10-16
04:31:00,1,2021-10-16
04:32:00,1,2021-10-16
04:33:00,2,2021-10-16
04:34:00,2,2021-10-16
04:35:00,1,2021-10-16
04:36:00,2,2021-10-16
04:37:00,2,2021-10-16
04:38:00,2,2021-10-16
04:39:00,1,2021-10-16
04:40:00,1,2021-10-16
04:41:00,1,2021-10-16
04:42:00,1,2021-10-16
04:43:00,1,2021-10-16
04:44:00,1,2021-10-16
04:45:00,1,2021-10-16
04:46:00,1,2021-10-16
04:47:00,1,2021-10-16
04:48:00,1,2021-10-16
04:49:00,1,2021-10-16
04:50:00,1,2021-10-16
04:51:00,1,2021-10-16
04:52:00,1,2021-10-16
04:53:00,1,2021-10-16
04:54:00,1,2021-10-16
04:55:00,1,2021-10-16
04:56:00,1,2021-10-16
04:57:00,1,2021-10-16
04:58:00,1,2021-10-16
04:59:00,1,2021-10-16
05:00:00,1,2021-10-16
05:01:00,1,2021-10-16
05:02:00,1,2021-10-16
05:03:00,1,2021-10-16
05:04:00,1,2021-10-16
05:05:00,1,2021-10-16
05:06:00,1,2021-10-16
05:07:00,1,2021-10-16
05:08:00,1,2021-10-16
05:09:00,1,2021-10-16
05:10:00,1,2021-10-16
05:11:00,1,2021-10-16
05:12:00,1,2021-10-16
05:13:00,1,2021-10-16
05:14:00,1,2021-10-16
05:15:00,1,2021-10-16
05:16:00,1,2021-10-16
05:17:00,1,2021-10-16
05:18:00,1,2021-10-16
05:19:00,1,2021-10-16
05:20:00,1,2021-10-16
05:21:00,1,2021-10-16
05:22:00,1,2021-10-16
05:23:00,1,2021-10-16
05:24:00,1,2021-10-16
05:25:00,1,2021-10-16
05:26:00,1,2021-10-16
05:27:00,1,2021-10-16
05:28:00,1,2021-10-16
05:29:00,1,2021-10-16
05:30:00,1,2021-10-16
05:31:00,1,2021-10-16
05:32:00,1,2021-10-16
05:33:00,1,2021-10-16
05:34:00,1,2021-10-16
05:35:00,1,2021-10-16
05:36:00,1,2021-10-16
05:37:00,1,2021-10-16
05:38:00,1,2021-10-16
05:39:00,1,2021-10-16
05:40:00,1,2021-10-16
05:41:00,1,2021-10-16
05:42:00,1,2021-10-16
05:43:00,1,2021-10-16
05:44:00,1,2021-10-16
05:45:00,2,2021-10-16
05:46:00,1,2021-10-16
05:47:00,1,2021-10-16
05:48:00,1,2021-10-16
05:49:00,1,2021-10-16
05:50:00,1,2021-10-16
05:51:00,1,2021-10-16
05:52:00,1,2021-10-16
05:53:00,1,2021-10-16
05:54:00,1,2021-10-16
05:55:00,1,2021-10-16
05:56:00,1,2021-10-16
05:57:00,1,2021-10-16
05:58:00,1,2021-10-16
05:59:00,1,2021-10-16
06:00:00,1,2021-10-16
06:01:00,1,2021-10-16
06:02:00,1,2021-10-16
06:03:00,1,2021-10-16
06:04:00,1,2021-10-16
06:05:00,1,2021-10-16
06:06:00,1,2021-10-16
06:07:00,1,2021-10-16
06:08:00,1,2021-10-16
06:09:00,1,2021-10-16
06:10:00,1,2021-10-16
06:11:00,1,2021-10-16
06:12:00,1,2021-10-16
06:13:00,1,2021-10-16
06:14:00,1,2021-10-16
06:15:00,1,2021-10-16
06:16:00,1,2021-10-16
06:17:00,1,2021-10-16
06:18:00,1,2021-10-16
06:19:00,1,2021-10-16
06:20:00,1,2021-10-16
06:21:00,1,2021-10-16
06:22:00,2,2021-10-16
06:23:00,1,2021-10-16
06:24:00,1,2021-10-16
06:25:00,1,2021-10-16
06:26:00,1,2021-10-16
06:27:00,1,2021-10-16
06:28:00,1,2021-10-16
06:29:00,1,2021-10-16
06:30:00,1,2021-10-16
06:31:00,1,2021-10-16
06:32:00,1,2021-10-16
06:33:00,1,2021-10-16
06:34:00,1,2021-10-16
06:35:00,1,2021-10-16
06:36:00,1,2021-10-16
06:37:00,2,2021-10-16
06:38:00,2,2021-10-16
06:39:00,1,2021-10-16
06:40:00,1,2021-10-16
06:41:00,2,2021-10-16
06:42:00,1,2021-10-16
06:43:00,1,2021-10-16
06:44:00,1,2021-10-16
06:45:00,1,2021-10-16
06:46:00,1,2021-10-16
06:47:00,1,2021-10-16
06:48:00,1,2021-10-16
06:49:00,1,2021-10-16
06:50:00,1,2021-10-16
06:51:00,1,2021-10-16
06:52:00,1,2021-10-16
06:53:00,1,2021-10-16
06:54:00,1,2021-10-16
06:55:00,1,2021-10-16
06:56:00,1,2021-10-16
06:57:00,1,2021-10-16
06:58:00,1,2021-10-16
06:59:00,1,2021-10-16
07:00:00,1,2021-10-16
07:01:00,1,2021-10-16
07:02:00,1,2021-10-16
07:03:00,1,2021-10-16
07:04:00,1,2021-10-16
07:05:00,1,2021-10-16
07:06:00,1,2021-10-16
07:07:00,1,2021-10-16
07:08:00,1,2021-10-16
07:09:00,1,2021-10-16
07:10:00,1,2021-10-16
07:11:00,1,2021-10-16
07:12:00,1,2021-10-16
07:13:00,1,2021-10-16
07:14:00,1,2021-10-16
07:15:00,1,2021-10-16
07:16:00,1,2021-10-16
07:17:00,1,2021-10-16
07:18:00,1,2021-10-16
07:19:00,1,2021-10-16
07:20:00,1,2021-10-16
07:21:00,1,2021-10-16
07:22:00,1,2021-10-16
07:23:00,1,2021-10-16
07:24:00,2,2021-10-16
07:25:00,2,2021-10-16
07:26:00,2,2021-10-16
07:27:00,1,2021-10-16
07:28:00,2,2021-10-16
07:29:00,1,2021-10-16
07:30:00,2,2021-10-16
07:31:00,1,2021-10-16
07:32:00,1,2021-10-16
07:33:00,1,2021-10-16
07:34:00,1,2021-10-16
07:35:00,1,2021-10-16
07:36:00,1,2021-10-16
07:37:00,1,2021-10-16
07:38:00,1,2021-10-16
07:39:00,1,2021-10-16
07:40:00,1,2021-10-16
07:41:00,1,2021-10-16
07:42:00,2,2021-10-16
07:43:00,1,2021-10-16
07:44:00,1,2021-10-16
07:45:00,1,2021-10-16
07:46:00,1,2021-10-16
07:47:00,1,2021-10-16
07:48:00,1,2021-10-16
07:49:00,1,2021-10-16
07:50:00,1,2021-10-16
07:51:00,1,2021-10-16
07:52:00,1,2021-10-16
07:53:00,1,2021-10-16
07:54:00,1,2021-10-16
07:55:00,1,2021-10-16
07:56:00,1,2021-10-16
07:57:00,1,2021-10-16
07:58:00,2,2021-10-16
07:59:00,1,2021-10-16
08:00:00,1,2021-10-16
08:01:00,1,2021-10-16
08:02:00,1,2021-10-16
08:03:00,1,2021-10-16
08:04:00,1,2021-10-16
08:05:00,1,2021-10-16
08:06:00,1,2021-10-16
08:07:00,1,2021-10-16
08:08:00,1,2021-10-16
08:09:00,1,2021-10-16
08:10:00,1,2021-10-16
08:11:00,1,2021-10-16
08:12:00,1,2021-10-16
08:13:00,1,2021-10-16
08:14:00,1,2021-10-16
08:15:00,1,2021-10-16
08:16:00,1,2021-10-16
08:17:00,1,2021-10-16
08:18:00,1,2021-10-16
08:19:00,1,2021-10-16
08:20:00,1,2021-10-16
08:21:00,1,2021-10-16
08:22:00,1,2021-10-16
08:23:00,1,2021-10-16
08:24:00,1,2021-10-16
08:25:00,1,2021-10-16
08:26:00,1,2021-10-16
08:27:00,1,2021-10-16
08:28:00,1,2021-10-16
08:29:00,1,2021-10-16
08:30:00,1,2021-10-16
08:31:00,2,2021-10-16
08:32:00,2,2021-10-16
08:33:00,2,2021-10-16
08:34:00,1,2021-10-16
08:35:00,2,2021-10-16
08:36:00,2,2021-10-16
08:37:00,2,2021-10-16
08:38:00,1,2021-10-16
08:39:00,1,2021-10-16
08:40:00,1,2021-10-16
08:41:00,1,2021-10-16
08:42:00,1,2021-10-16
08:43:00,1,2021-10-16
08:44:00,2,2021-10-16
08:45:00,2,2021-10-16
08:46:00,2,2021-10-16
08:47:00,2,2021-10-16
08:48:00,2,2021-10-16
08:49:00,2,2021-10-16
08:50:00,2,2021-10-16
08:51:00,1,2021-10-16
08:52:00,1,2021-10-16
08:53:00,1,2021-10-16
08:54:00,1,2021-10-16
08:55:00,1,2021-10-16
08:56:00,1,2021-10-16
08:57:00,1,2021-10-16
08:58:00,1,2021-10-16
08:59:00,1,2021-10-16
09:00:00,1,2021-10-16
09:01:00,1,2021-10-16
09:02:00,1,2021-10-16
09:03:00,1,2021-10-16
09:04:00,1,2021-10-16
09:05:00,2,2021-10-16
09:06:00,2,2021-10-16
09:07:00,1,2021-10-16
09:08:00,2,2021-10-16
09:09:00,1,2021-10-16
09:10:00,2,2021-10-16
09:11:00,1,2021-10-16
09:12:00,1,2021-10-16
09:13:00,2,2021-10-16
09:14:00,2,2021-10-16
09:15:00,2,2021-10-16
09:16:00,2,2021-10-16
09:17:00,2,2021-10-16
09:18:00,1,2021-10-16
09:19:00,1,2021-10-16
09:20:00,1,2021-10-16
09:21:00,1,2021-10-16
09:22:00,1,2021-10-16
09:23:00,1,2021-10-16
09:24:00,1,2021-10-16
09:25:00,1,2021-10-16
09:26:00,1,2021-10-16
09:27:00,1,2021-10-16
09:28:00,1,2021-10-16
09:29:00,2,2021-10-16
09:30:00,2,2021-10-16
09:31:00,2,2021-10-16
09:32:00,2,2021-10-16
09:33:00,2,2021-10-16
09:34:00,2,2021-10-16
09:35:00,2,2021-10-16
09:36:00,2,2021-10-16
09:37:00,2,2021-10-16
09:38:00,2,2021-10-16
09:39:00,1,2021-10-16
09:40:00,1,2021-10-16
09:41:00,1,2021-10-16
09:42:00,1,2021-10-16
09:43:00,1,2021-10-16
09:44:00,1,2021-10-16
09:45:00,1,2021-10-16
09:46:00,1,2021-10-16
09:47:00,1,2021-10-16
09:48:00,1,2021-10-16
09:49:00,1,2021-10-16
09:50:00,1,2021-10-16
09:51:00,1,2021-10-16
09:52:00,1,2021-10-16
09:53:00,1,2021-10-16
09:54:00,1,2021-10-16
09:55:00,1,2021-10-16
09:56:00,1,2021-10-16
09:57:00,1,2021-10-16
09:58:00,1,2021-10-16
09:59:00,1,2021-10-16
10:00:00,1,2021-10-16
10:01:00,1,2021-10-16
10:02:00,1,2021-10-16
10:03:00,1,2021-10-16
10:04:00,1,2021-10-16
10:05:00,1,2021-10-16
10:06:00,1,2021-10-16
10:07:00,1,2021-10-16
10:08:00,1,2021-10-16
10:09:00,1,2021-10-16
10:10:00,1,2021-10-16
10:11:00,1,2021-10-16
10:12:00,1,2021-10-16
10:13:00,1,2021-10-16
10:14:00,1,2021-10-16
10:15:00,1,2021-10-16
10:16:00,1,2021-10-16
10:17:00,1,2021-10-16
10:18:00,1,2021-10-16
10:19:00,1,2021-10-16
10:20:00,1,2021-10-16
10:21:00,1,2021-10-16
10:22:00,1,2021-10-16
10:23:00,1,2021-10-16
10:24:00,1,2021-10-16
10:25:00,1,2021-10-16
10:26:00,1,2021-10-16
10:27:00,2,2021-10-16
10:28:00,1,2021-10-16
10:29:00,1,2021-10-16
10:30:00,2,2021-10-16
10:31:00,1,2021-10-16
10:32:00,1,2021-10-16
10:33:00,1,2021-10-16
10:34:00,1,2021-10-16
10:35:00,1,2021-10-16
10:36:00,1,2021-10-16
10:37:00,1,2021-10-16
10:38:00,1,2021-10-16
10:39:00,1,2021-10-16
10:40:00,1,2021-10-16
10:41:00,1,2021-10-16
10:42:00,1,2021-10-16
10:43:00,1,2021-10-16
10:44:00,1,2021-10-16
10:45:00,1,2021-10-16
10:46:00,1,2021-10-16
10:47:00,1,2021-10-16
10:48:00,1,2021-10-16
10:49:00,2,2021-10-16
10:50:00,2,2021-10-16
10:51:00,2,2021-10-16
10:52:00,2,2021-10-16
10:53:00,1,2021-10-16
10:54:00,1,2021-10-16
10:55:00,1,2021-10-16
10:56:00,1,2021-10-16
10:57:00,1,2021-10-16
10:58:00,1,2021-10-16
10:59:00,1,2021-10-16
11:00:00,1,2021-10-16
11:01:00,1,2021-10-16
11:02:00,1,2021-10-16
11:03:00,1,2021-10-16
11:04:00,1,2021-10-16
11:05:00,1,2021-10-16
11:06:00,1,2021-10-16
11:07:00,1,2021-10-16
11:08:00,1,2021-10-16
11:09:00,1,2021-10-16
11:10:00,1,2021-10-16
11:11:00,1,2021-10-16
11:12:00,1,2021-10-16
11:13:00,1,2021-10-16
11:14:00,1,2021-10-16
11:15:00,1,2021-10-16
11:16:00,1,2021-10-16
11:17:00,1,2021-10-16
11:18:00,1,2021-10-16
11:19:00,1,2021-10-16
11:20:00,1,2021-10-16
11:21:00,1,2021-10-16
11:22:00,1,2021-10-16
11:23:00,1,2021-10-16
11:24:00,1,2021-10-16
11:25:00,1,2021-10-16
11:26:00,1,2021-10-16
11:27:00,1,2021-10-16
11:28:00,1,2021-10-16
11:29:00,1,2021-10-16
11:30:00,1,2021-10-16
11:31:00,1,2021-10-16
11:32:00,1,2021-10-16
11:33:00,1,2021-10-16
11:34:00,1,2021-10-16
11:35:00,1,2021-10-16
11:36:00,1,2021-10-16
11:37:00,1,2021-10-16
11:38:00,1,2021-10-16
11:39:00,1,2021-10-16
11:40:00,1,2021-10-16
11:41:00,1,2021-10-16
11:42:00,1,2021-10-16
11:43:00,1,2021-10-16
11:44:00,1,2021-10-16
11:45:00,1,2021-10-16
11:46:00,1,2021-10-16
11:47:00,1,2021-10-16
11:48:00,1,2021-10-16
11:49:00,1,2021-10-16
11:50:00,1,2021-10-16
11:51:00,1,2021-10-16
11:52:00,1,2021-10-16
11:53:00,1,2021-10-16
11:54:00,1,2021-10-16
11:55:00,1,2021-10-16
11:56:00,1,2021-10-16
11:57:00,1,2021-10-16
11:58:00,1,2021-10-16
11:59:00,1,2021-10-16
12:00:00,1,2021-10-16
12:01:00,1,2021-10-16
12:02:00,1,2021-10-16
12:03:00,1,2021-10-16
12:04:00,1,2021-10-16
12:05:00,1,2021-10-16
12:06:00,1,2021-10-16
12:07:00,1,2021-10-16
12:08:00,1,2021-10-16
12:09:00,1,2021-10-16
12:10:00,1,2021-10-16
12:11:00,1,2021-10-16
12:12:00,1,2021-10-16
12:13:00,1,2021-10-16
12:14:00,1,2021-10-16
12:15:00,1,2021-10-16
12:16:00,1,2021-10-16
12:17:00,1,2021-10-16
12:18:00,1,2021-10-16
12:19:00,1,2021-10-16
12:20:00,1,2021-10-16
12:21:00,1,2021-10-16
12:22:00,1,2021-10-16
12:23:00,1,2021-10-16
12:24:00,1,2021-10-16
12:25:00,1,2021-10-16
12:26:00,1,2021-10-16
12:27:00,1,2021-10-16
12:28:00,1,2021-10-16
12:29:00,1,2021-10-16
12:30:00,1,2021-10-16
12:31:00,1,2021-10-16
12:32:00,1,2021-10-16
12:33:00,1,2021-10-16
12:34:00,1,2021-10-16
12:35:00,1,2021-10-16
12:36:00,1,2021-10-16
12:37:00,1,2021-10-16
12:38:00,1,2021-10-16
12:39:00,1,2021-10-16
12:40:00,1,2021-10-16
12:41:00,1,2021-10-16
12:42:00,1,2021-10-16
12:43:00,1,2021-10-16
12:44:00,1,2021-10-16
12:45:00,1,2021-10-16
12:46:00,1,2021-10-16
12:47:00,1,2021-10-16
12:48:00,1,2021-10-16
12:49:00,1,2021-10-16
12:50:00,1,2021-10-16
12:51:00,1,2021-10-16
12:52:00,1,2021-10-16
12:53:00,1,2021-10-16
12:54:00,1,2021-10-16
12:55:00,1,2021-10-16
12:56:00,1,2021-10-16
12:57:00,1,2021-10-16
12:58:00,1,2021-10-16
12:59:00,1,2021-10-16
13:00:00,1,2021-10-16
13:01:00,1,2021-10-16
13:02:00,1,2021-10-16
13:03:00,1,2021-10-16
13:04:00,1,2021-10-16
13:05:00,1,2021-10-16
13:06:00,1,2021-10-16
13:07:00,1,2021-10-16
13:08:00,1,2021-10-16
13:09:00,1,2021-10-16
13:10:00,1,2021-10-16
13:11:00,1,2021-10-16
13:12:00,1,2021-10-16
13:13:00,1,2021-10-16
13:14:00,1,2021-10-16
13:15:00,1,2021-10-16
13:16:00,1,2021-10-16
13:17:00,1,2021-10-16
13:18:00,1,2021-10-16
13:19:00,1,2021-10-16
13:20:00,1,2021-10-16
13:21:00,1,2021-10-16
13:22:00,1,2021-10-16
13:23:00,1,2021-10-16
13:24:00,1,2021-10-16
13:25:00,1,2021-10-16
13:26:00,1,2021-10-16
13:27:00,1,2021-10-16
13:28:00,1,2021-10-16
13:29:00,1,2021-10-16
13:30:00,1,2021-10-16
13:31:00,1,2021-10-16
13:32:00,1,2021-10-16
13:33:00,1,2021-10-16
13:34:00,1,2021-10-16
13:35:00,1,2021-10-16
13:36:00,1,2021-10-16
13:37:00,1,2021-10-16
13:38:00,1,2021-10-16
13:39:00,1,2021-10-16
13:40:00,1,2021-10-16
13:41:00,1,2021-10-16
13:42:00,1,2021-10-16
13:43:00,1,2021-10-16
13:44:00,1,2021-10-16
13:45:00,1,2021-10-16
13:46:00,1,2021-10-16
13:47:00,1,2021-10-16
13:48:00,1,2021-10-16
13:49:00,1,2021-10-16
13:50:00,1,2021-10-16
13:51:00,1,2021-10-16
13:52:00,1,2021-10-16
13:53:00,1,2021-10-16
13:54:00,1,2021-10-16
13:55:00,1,2021-10-16
13:56:00,1,2021-10-16
13:57:00,1,2021-10-16
13:58:00,1,2021-10-16
13:59:00,1,2021-10-16
14:00:00,1,2021-10-16
14:01:00,1,2021-10-16
14:02:00,1,2021-10-16
14:03:00,1,2021-10-16
14:04:00,1,2021-10-16
14:05:00,1,2021-10-16
14:06:00,1,2021-10-16
14:07:00,1,2021-10-16
14:08:00,1,2021-10-16
14:09:00,1,2021-10-16
14:10:00,1,2021-10-16
14:11:00,1,2021-10-16
14:12:00,1,2021-10-16
14:13:00,1,2021-10-16
14:14:00,1,2021-10-16
14:15:00,1,2021-10-16
14:16:00,1,2021-10-16
14:17:00,1,2021-10-16
14:18:00,1,2021-10-16
14:19:00,1,2021-10-16
14:20:00,1,2021-10-16
14:21:00,1,2021-10-16
14:22:00,1,2021-10-16
14:23:00,1,2021-10-16
14:24:00,1,2021-10-16
14:25:00,1,2021-10-16
14:26:00,1,2021-10-16
14:27:00,1,2021-10-16
14:28:00,1,2021-10-16
14:29:00,1,2021-10-16
14:30:00,1,2021-10-16
14:31:00,1,2021-10-16
14:32:00,1,2021-10-16
14:33:00,1,2021-10-16
14:34:00,1,2021-10-16
14:35:00,1,2021-10-16
14:36:00,1,2021-10-16
14:37:00,1,2021-10-16
14:38:00,1,2021-10-16
14:39:00,1,2021-10-16
14:40:00,1,2021-10-16
14:41:00,1,2021-10-16
14:42:00,1,2021-10-16
14:43:00,1,2021-10-16
14:44:00,1,2021-10-16
14:45:00,1,2021-10-16
14:46:00,1,2021-10-16
14:47:00,1,2021-10-16
14:48:00,1,2021-10-16
14:49:00,1,2021-10-16
14:50:00,1,2021-10-16
14:51:00,1,2021-10-16
,,2021-10-17
,,2021-10-18
,,2021-10-19
,,2021-10-20
,,2021-10-21
,,2021-10-22
,,2021-10-23
,,2021-10-24
,,2021-10-25
